newren,53
dscho,19
phil-blain,6
ghost,5
seraphire,4
hanwen,3
MYGITHUBWHO,3
Aniruddh-98,3
ugultopu,2
sohomdatta1,2
sgn,2
phansys,2
periperidip,2
marbbmervlinbis,2
ljward10,2
krush11,2
dranizar7557,2
chiga17,2
benard001,2
Gaurav1707,2
yanwei111,1
xfix,1
vitaly-zdanevich,1
vasild,1
utkarsh1148,1
ultr0n-coder,1
tsar27,1
sunlin7,1
savejraees,1
ron-a20,1
rapsys,1
raboof,1
qaisjp,1
ogonkov,1
nilsleiffischer,1
nasamuffin,1
nafeef123,1
mnauw,1
mikeg98,1
michaelcompressconsult,1
mhome1068,1
mbektchiev,1
marvinjr35,1
madilraza,1
lousscott,1
lkmandy,1
kz3003,1
koutcher,1
kadirselcuk,1
jengelh,1
jairbubbles,1
invictus80,1
ihsinme,1
idreffz25,1
himanshu608,1
hendys-maker,1
harry-hov,1
hanaro8015,1
halima-gft,1
hafixo,1
golfviva,1
gigolo69,1
ericramos1980,1
erazor23,1
elonderin,1
ecbaldwin,1
drygo1992,1
derrickstolee,1
cschlack,1
cronic208,1
chris3torek,1
bnhassin,1
bihuyu,1
berislavlopac,1
basvak07,1
atooq,1
ardimeyer,1
andysalvadory,1
alessandro2105,1
ahunt,1
ThiefMaster,1
Shivam7-1,1
ScottBen,1
SamikshaSankar,1
RohitDeshpande49,1
Rifky-azad,1
Quang-102,1
Papamamasex,1
Nudin,1
MikeyEllison9790,1
KlotzAndrew,1
HunterDG,1
F8ER,1
Dheeraj13042002,1
DEEPANSHU-NAG,1
Blackpower1972,1
AnonaWolf,1
Anna-Myzukina,1
304NotModified,1
0707jim,1
