ghost,10
Razor246,4
JiangbiaoDeng,3
rsy56640,2
rashmisarode,2
rafaelsagastume,2
pmod,2
oweisse,2
nikolajssosnins,2
gspu,2
debianivanov,2
compdzwio,2
chorman0773,2
Esteban-Rocha,2
AndyLavr,2
Ahmed1978,2
zhuyingjiang,1
zhangyiwei,1
yrzr,1
youxiaojie,1
yasirmx,1
yash2710,1
xerpi,1
xairy,1
witallwang,1
wburnett01,1
vsivanagulu,1
vitalybuka,1
tmaimon,1
tixxdz,1
tiagogaspar8,1
tgexpress,1
teknoraver,1
teaberryy,1
tanvidesai94,1
sunny868,1
sskmarthy,1
smohebbi,1
skx,1
shenchsh,1
serafdev,1
sasairc,1
saikirananumalla,1
sacefe,1
roscheer,1
robiwano,1
rdeva1209,1
rahulthesparrow,1
rahrawat,1
promach,1
pixelrazor,1
phungmanhcuong,1
pdhamdhe,1
pbobyn91,1
paulluo,1
patrickschaffrath,1
patrickdreyer,1
oygen87,1
orhanerday,1
oliv3r,1
numbqq,1
naman-modi,1
mufeedvh,1
mozesslackware,1
mdeguzis,1
marload,1
malcolmcrossley,1
lucavinci,1
lonerinthenight,1
lnyng,1
ledlamp,1
kylelamse,1
kwote,1
kspalaiologos,1
kilianfriedrich,1
khanayazahmad,1
keller0,1
kdave,1
jsaxer,1
josemic,1
jianguocn,1
jeon3029,1
jameslacey,1
jakegore,1
jackwish,1
jab-r,1
itsvinayak,1
ioquatix,1
impzero,1
hvegh,1
howl,1
hellozee,1
haobinnan,1
h0n3ym4k,1
guhwan,1
gs0510,1
gpfly,1
goswami-rahul,1
fangwenqi,1
eyadfareh,1
etmatrix,1
erikbern,1
elazar-lb,1
drewgrubb0,1
dimmo,1
dhwani91,1
devyboy,1
deepdetail,1
dciug,1
dblackmorris,1
dbaluta,1
damfle,1
dabrace,1
da-edra,1
czlc,1
cyounkins-bot,1
ctrlsam,1
crmares,1
claymodel,1
claudiughioc,1
cclauss,1
catShit,1
badthird,1
badcf00d,1
ayushr2,1
atmgnd,1
arnavb,1
aristarh2704,1
arcivanov,1
anlaneg,1
anilkuamr,1
andadrn,1
afl1,1
ZhaoQi99,1
Zaryob,1
ZachSchaffer,1
Wang-Yue,1
Sureshraomr,1
SpencerSharkey,1
Sonic-boom,1
Smiche,1
ShietStone,1
Sadiqush,1
Progyan1997,1
PierceGriffiths,1
Patrickk17,1
Nestastnikos,1
Nekotekina,1
Mich3le3D,1
MarcusSorealheis,1
LatorreDev,1
LLiuJJ,1
Jason2031,1
Hoeze,1
FelipeRuizGarcia,1
EduApps-CDG,1
Dohbedoh,1
Dogacel,1
Cypresslin,1
CoryXie,1
CerebralMischief,1
CarDGee,1
Axl-zhang,1
ArktinenKarpalo,1
Arcfrost,1
Anon-Exploiter,1
AnanSN,1
AlvisVadaliya,1
Al-Caveman,1
AZO234,1
786228836,1
0x726f6b6d,1
0n1shi,1
