makiuchi-d,15
dsanders11,6
srowen,5
micjahn,5
kdwoo1217,5
tanelihuuskonen,4
loikki,4
yoshi389111,3
xuthus,3
odahcam,3
l-dobrev,3
dlenski,3
codewell4,3
benjohnde,3
UniQP,3
weatherfish,2
strguntbr,2
msgilligan,2
mmagician,2
gitlost,2
fgrieu,2
dpeckett,2
dependabot[bot],2
RX1226,2
KrasnayaPloshchad,2
FlXME,2
DandelionSprout,2
Amitie10g,2
zszdevelop,1
zhaoshuyu,1
wiktor-k,1
wienczny,1
wedrowycz,1
usmanrana07,1
usifc,1
trongham,1
teokkmb,1
tangoblast817,1
takeya,1
tacsipacsi,1
t123yh,1
steffen-kiess,1
steelman,1
squiddity,1
serso,1
sebkur,1
s8321414,1
rocboronat,1
rmtheis,1
rjuszczyk,1
rbashish,1
psManu,1
pfedan,1
omodai,1
oelna,1
noplanman,1
nayuki,1
mtrakal,1
movedon2otherthings,1
maplejune,1
m4xp1,1
lucaswiman,1
lgoldstein,1
laeubi,1
kmark,1
kiwanami,1
kite999,1
khufdev,1
keoni29,1
kent92,1
kalaspuffar,1
johnwhall,1
jerry0816,1
hortontp,1
herman1vdb,1
gredler,1
graug,1
gitu,1
ghost,1
gfinol,1
germinator,1
gbm-bailleul,1
gavinsyw,1
gaoheming123,1
ftylitak,1
fitchfuloffun,1
erappos,1
emaiannone,1
ebraminio,1
dsiddharth2,1
dingjiedanielyang,1
dehnhard,1
dannyhorvath1992,1
condda,1
challgren,1
bmccary,1
bimusiek,1
bhargavms,1
benjaminwhx,1
az-ericso,1
awenger,1
aviraxp,1
anrcode,1
aniederle,1
andrewshadura,1
andressantiago,1
aldatsa,1
ahatzz11,1
adeyemijohn,1
a-ch,1
Yonjuni,1
Veve2,1
Valarini,1
Steinvikel,1
Spelt,1
Scrumplex,1
SabineJuergensen,1
QingfengLee,1
Praful28,1
PhilLab,1
PedPak,1
N1992,1
Matrix44,1
Manouchehri,1
LiliWeiSE,1
JacobVanAssche,1
Jacky-Leung0,1
IliasStavrakis,1
Grunge,1
Flitskikker,1
DavidLDawes,1
DarrellDuane,1
Coeur,1
ChenjieXu,1
