dulmandakh,20
janicduplessis,14
hramos,12
Simek,9
empyrical,7
NickGerleman,7
Naturalclar,7
suminkimm,6
grabbou,6
rectified95,5
fkgozali,5
safaiyeh,4
chirag-singhal,4
maltoze,3
kshitij86,3
acoates-ms,3
rnike,2
nganbread,2
kelset,2
kalyanijamunkar10,2
ecreeth,2
anku255,2
alloy,2
Mdzahin,2
wilhelmeek,1
vshab,1
vmoroz,1
vitor-saldanha,1
tomoima525,1
tido64,1
thymikee,1
swrobel,1
sweatherall,1
sunnylqm,1
stigi,1
serhiipalash,1
seancheung,1
savv,1
sanjaytwisk,1
s-deep3k,1
robwalkerco,1
nomi9995,1
mkcode,1
michalchudziak,1
maxammann,1
marksinkovics,1
laotian,1
kys399,1
krmao,1
kmelmon,1
kkoudev,1
kevinvangelder,1
keoskate,1
jselbo,1
jacekpl,1
ivanmoskalev,1
inokawa,1
huzaifaaak,1
helenaford,1
haochenli,1
hank121314,1
gkode,1
gedeagas,1
friederbluemle,1
fabriziobertoglio1987,1
ejanzer,1
drjoeycadieux,1
doniwinata0309,1
dmlux,1
davidbiedenbach,1
dannyvv,1
comvenger-brandon,1
cl4pper,1
chrisbobbe,1
brunolemos,1
asklar,1
ajpaulingalls,1
adkenyon,1
WookieFPV,1
TeeVenDick,1
StuffByLiang,1
SohanR,1
SimonErm,1
SConaway,1
Philorespect,1
OlivierFreyssinet,1
JoshuaGross,1
JosephSemrai,1
Huxpro,1
EhsanSarshar,1
DiogoJunqueiraGeraldo,1
Bardiamist,1
Andarius,1
