mbostock,11
curran,6
natevw,4
jasondavies,4
ghost,3
Wombatpm,3
vp2177,2
lubomirov,2
josephlin55555,2
jamesleesaunders,2
hussamhazim0,2
denisname,2
brettz9,2
Spencer8989,2
FujiHai,2
zzyou,1
zdenekhynek,1
zanarmstrong,1
yuanmouren1hao,1
ylvalundegard,1
xrCKN8km6s,1
xile611,1
willsmythe,1
william-pan,1
wilg,1
wcwung,1
wassx,1
vsn4ik,1
vladh,1
vendethiel,1
vanshady,1
tvictory,1
tobgu,1
tmcw,1
timruffles,1
thejonan,1
tarioch,1
sztanko,1
sunrize531,1
stream7,1
stevemao,1
stefwalter,1
spencersong123,1
skywinder,1
shawnbot,1
shanths,1
sguib,1
sghall,1
severo,1
searler,1
rubenv,1
rohithdaka,1
robinhouston,1
rezabdi,1
rcchen,1
rajnagdeo,1
prem-anand,1
ppeterka,1
portante,1
pl12133,1
piq9117,1
pipboy234,1
pietersv,1
pgilad,1
patriciaborges,1
oscarmorrison,1
oller,1
nunoarruda,1
nolsherry,1
nnmmyes,1
nikolas,1
nicksrandall,1
n1n9-jp,1
mrblueblue,1
mpersing,1
mkontogiannis,1
micahstubbs,1
mgetz,1
maliang03,1
m1guelpf,1
lukasappelhans,1
lokesh005,1
linuss,1
linhphi9x94,1
leitzler,1
lawtmk,1
larskotthoff,1
krynv,1
kristofsch,1
kkirsche,1
kalenedrael,1
jshen212,1
jraah55,1
jomaxx,1
johnstark,1
jkfhto,1
jfrickson,1
jefkoslowski,1
jasonly,1
jakerichan,1
j2kenton,1
isaacl,1
hyunkim9123,1
hughes,1
himanigohil,1
gunins,1
greut,1
gordonwoodhull,1
ginogabriel,1
forkme7,1
flowercat07,1
fishbar,1
firepunch,1
ffosilva,1
ferlores,1
eseifert,1
ericandrewlewis,1
emrez,1
emadgarni,1
eglassman,1
edu3195,1
e-,1
dipendra-n,1
diogenisAl,1
danielbaak,1
cvrebert,1
cssherry,1
cscheid,1
codetriage-readme-bot,1
codephobe,1
caravinden,1
brett-miller,1
boJackEden,1
blove646,1
baerrach,1
askmike,1
arnab-shuvo,1
arjenvanoostrum,1
arielbk,1
aqnouch,1
andreasplesch,1
anandanand84,1
alexmacy,1
alexandersimoes,1
aigouzz,1
agarbuno,1
afshin2020,1
abranhe,1
Scottkao85,1
RudolfHattenkofer,1
RaghavK16,1
MrCox,1
Mr0grog,1
Kyeongan,1
Klortho,1
KaranLala,1
JoshSGman,1
Jing-Ran,1
IeuanG,1
Hental,1
Fil,1
EddieKaleb,1
Dev-Lan,1
Caster,1
CaesarQu,1
AaronNGray,1
