XenoAmess,31
chickenlj,24
AlbumenJ,24
horizonzy,16
guohao,14
xiaoheng1,13
kylixs,12
zhangyz-hd,6
kevinw66,6
theonefx,3
panxiaojun233,3
goodjava,3
xukefu,2
tangyuewei,2
tangcent,2
kuailejiandan,2
changfubai,2
zonghaishang,1
zhangxin1932,1
zenuo,1
yannick1991,1
xuekg,1
thisiswanghy,1
strugcoder,1
stonelion,1
qinliujie,1
qingxiangOS,1
ppzzyy11,1
nickwongwong,1
nan-lou,1
martin-g,1
lzx404243,1
jiangxch,1
huibinliupush,1
htynkn,1
hengyunabc,1
github-ganyu,1
ggox,1
dkisser,1
asa3311,1
alan-tang-tt,1
Spongecaptain,1
RobberPhex,1
PromiseChan,1
KeRan213539,1
IiiinSea,1
HousonCao,1
HeYuqiu,1
Fuxy-pg,1
DreamLi1314,1
CalvinKirs,1
24kpure,1
