danielgindi,44
oatrice,6
StephenVinouze,6
wajdichamakhi,4
tonypatino-monoclesociety,4
hannesa2,4
RobertZagorski,4
thadeubatista,3
xiepeijie,2
vpop,2
travisfw,2
sixgodIT,2
silva96,2
sembozdemir,2
philippeauriach,2
patrick-elmquist,2
mikemonteith,2
Sash0k,2
PhilJay,2
MGaetan89,2
JacobJust,2
AngelOfMors,2
zawn,1
xpete,1
xiezhigang,1
wilder,1
wei-shiuan-chang,1
wardenlzr,1
vicwing,1
vicmns,1
usmaanz,1
ulcica,1
titiarimba,1
stephenmcbride,1
starry90,1
spykjl,1
scottkennedy,1
sbron,1
sales-i,1
ricardolonga,1
relair,1
redwarp,1
pagrzybe,1
omair15,1
noberasco,1
nielsz,1
nathan-fiscaletti,1
monz,1
mohamedpsx,1
mikedream89,1
matiash,1
marcelelements,1
maksim88,1
maheshgaya,1
lschuetze,1
longup,1
liangfeidotme,1
leoMehlig,1
kumien,1
koji-1009,1
keaideluren,1
juumixx,1
justindannguyen,1
joxad,1
jihyeon,1
jhamin0511,1
iqrafaruq,1
gzejia,1
gildaswise,1
fiskbil,1
farfromrefug,1
eyeswhite0401,1
dzungpv,1
duchampdev,1
dptsolutions,1
dpeters1,1
djtodd-banno,1
dimeilof,1
dexterbg,1
devlu007,1
defer,1
davidgoli,1
crobertsbmw,1
churikaustubh,1
christiandeange,1
checoalejandro,1
bushmen,1
brcinho,1
beautifulSoup,1
barnhill,1
banchanattu,1
apophizzz,1
anant-dev,1
ammaratef45,1
almic,1
alenjularic,1
adric,1
Thortoco,1
ShalevCohen2112,1
PawelErnestLuczak,1
NasaGeek,1
MaximPestryakov,1
Magicer,1
LucasFaiska,1
Kuloud,1
KonstantinSchubert,1
Johnson145,1
JohnFrontzos,1
JeppeLeth,1
JaveriaNAZ7,1
Ewg777,1
DoorJung,1
CoryCharlton,1
Aslanchen,1
AntiMoron,1
Alebat,1
AlainMuller,1
Abdul-Aziz-Niazi,1
0x736E,1
