typicode,14
dependabot[bot],7
metapraveen,4
manuquentin,4
DanielRuf,4
shalakashelly,3
zsalzbank,2
tpiekarski,2
therebelrobot,2
srquev-zycus,2
simeg,2
failpunk,2
eMuonTau,2
coryhouse,2
blowsie,2
binali-rustamov,2
bahmutov,2
Werner0,2
BrennerSpear,2
BeleShew,2
625856,2
zhangbg,1
zakuro9715,1
yasharma2301,1
ySridhar,1
xhrix,1
woss,1
webwurst,1
vpanjganj,1
vamshibheema,1
ubcent,1
tony-kerz,1
tlovett1,1
timkraut,1
theoadore,1
tarun08071995,1
tao12345666333,1
tailort,1
syzer,1
sudhakarwebexcel,1
stour,1
spkannanchennai,1
siawyoung,1
shlensky,1
seungha-kim,1
sergii-trotsiuk,1
sdgluck,1
savah,1
ryanzec,1
ryancrosser,1
ruifortes,1
rhoffmann,1
rhaseven7h,1
raulcesar,1
rashusyalji,1
rahulmallela,1
prog20901,1
prashant-andani,1
phillipadsmith,1
philanderson888,1
pdpkumar,1
patoi,1
nuragic,1
newalex997,1
netzzwerg,1
naliniraju,1
n0mer,1
minonza,1
mgambill,1
mfoman,1
mbaer3000,1
mayri3838,1
mareckmareck,1
marcbachmann,1
maqic,1
manavm1990,1
lpreterite,1
limca7up,1
lewisjared,1
jyootai,1
jpbochi,1
johnnymn,1
jmzagorski,1
jkvitlko,1
jgautheron,1
jarvys,1
jantrienes,1
jameelmoses,1
jacobwarduk,1
igormartimiano,1
halfzebra,1
gouriojha,1
gitter-badger,1
ghost,1
geocine,1
gaguileal,1
gabrielduque,1
futoase,1
fitiskin,1
ethanent,1
epallerols,1
elitree,1
eggers,1
edouardmenayde,1
dixita1995,1
defli,1
david-bc,1
darciofjunior,1
d99iel,1
cwalcott,1
cotarou,1
cincas,1
christianascone,1
c10b10,1
bripkens,1
bo01ean,1
blainsmith,1
bc-jasond,1
bbruneau,1
bawcwchen,1
barrystaes,1
babyadoresorange,1
b4dnewz,1
automatenetwork,1
ashleahhill,1
arastu,1
anuragv526,1
andreruffert,1
ai,1
aegyed91,1
adamsea,1
VighneshKSP,1
Toxblh,1
TobiasNickel,1
SuperITMan,1
SritejaMathukumilli,1
Sija,1
Promit-revar,1
PatrickHeneise,1
Noyabronok,1
Nilegfx,1
Livbunthorn,1
Juancontrolplus,1
JavierAlvarezEveris,1
Jason-Cooke,1
JSanford42,1
JHotterbeekx,1
HumanDecoy,1
GantMan,1
GSchutz,1
FadyMak,1
DuyDung123,1
CEEDLIVE,1
BrainCrumbz,1
AnanyaAggarwal23,1
