copybara-service[bot],39
netdpb,29
cpovirk,22
kluever,18
nick-someone,13
cgdecker,8
Saucistophe,6
tanmauec,4
linyimin-bupt,3
kevinb9n,3
jbduncan,3
NihalAgarwal,3
szarnekow,2
nishantc1527,2
loveincode,2
dhruvdeveloper,2
dependabot[bot],2
bhawna94,2
Koooooo-7,2
the-thing,1
surajdhamecha,1
sreekanth370,1
richard1230,1
pradipta,1
olofeldre,1
mieuf,1
mernst,1
melloware,1
kishorkunal-raj,1
harshalpawar41,1
dennyac,1
carterkozak,1
carldea,1
benrkia,1
ben-manes,1
baloxhsahb,1
arhimondr,1
antonlovstrom,1
amoghcoolkarni983,1
alllex,1
abchaubey,1
abc52090241,1
TiagoGrosso,1
T45K,1
RyanSkonnord,1
NisargC,1
Marcono1234,1
Koellewe,1
JuHyun419,1
HelenaGregg,1
EruDev,1
Eclixal,1
AlbertoSinigaglia,1
514190950,1
