jasnell,31
Trott,26
marsonya,17
aduh95,16
targos,11
Linkgoron,9
cjihrig,8
RaisinTen,7
ruyadorno,6
tniessen,5
lpinca,5
richardlau,4
addaleax,4
ttzztztz,3
panva,3
gengjiawen,3
gabrielschulhof,3
bcoe,3
devsnek,2
danielleadams,2
danbev,2
zenflow,1
wwwzbwcom,1
simov,1
obi-el,1
mhdawson,1
manekinekko,1
juanarbol,1
joyeecheung,1
jnr0790,1
jayaddison,1
isker,1
inad9300,1
humanwebpl,1
guybedford,1
gluxon,1
faithsylvia1,1
dbachko,1
bnb,1
aflack143,1
Prazeina,1
MylesBorins,1
MoneyMan573,1
MattiasBuelens,1
Luntke,1
Himself65,1
DerekNonGeneric,1
BridgeAR,1
BethGriggs,1
Ayase-252,1
AshCripps,1
