dependabot-preview[bot],52
davidism,15
greyli,10
pre-commit-ci[bot],7
hvnsweeting,4
who0sy,3
m1waterman88,3
jackwardell,3
ebonnecab,3
YKo20010,3
sblondon,2
proggga,2
plourenco,2
pgjones,2
jab,2
ceorleorn,2
WolframAlph,2
Laurentiu-Andronache,2
ziddey,1
xclala,1
wesleyacheng,1
vpoulailleau,1
tonysepia,1
tonydelanuez,1
tirkarthi,1
thatrobotdev,1
stat1c-void,1
soumyankar,1
shubhi3,1
shoeffner,1
sarthakchaudhary13,1
sanders41,1
ryuichi1208,1
rxxbyy,1
paulpapacz,1
ongopongo,1
obfusk,1
nphilipp,1
mwulong00,1
mvolfik,1
mitsuhiko,1
miquelvir,1
mbpreble,1
matthkang,1
magiskboy,1
lielfr,1
lgiordani,1
lalnuo,1
kx-chen,1
kumaraditya303,1
kangetsu121,1
jordivandooren,1
jlosito,1
jjconti,1
jeffwidman,1
jan-polivka,1
jacobstoehr,1
iomintz,1
huimingz,1
gpwclark,1
gondo,1
girst,1
fjarri,1
filips123,1
evoxmusic,1
evildmp,1
elliott-king,1
diego-garro,1
deepakkumarjha1111,1
dbritto-dev,1
darcatron,1
cragkhit,1
cjql,1
chrisngyn,1
boher,1
berviantoleo,1
berkio3x,1
bartbroere,1
asottile,1
arabidopsis,1
aprilahijriyan,1
anshroge,1
adithyay328,1
XD-DENG,1
UltraBob,1
Neildagr8,1
MartinThoma,1
Leo-Ryu,1
HenryKobin,1
GlennToms,1
Ebram96,1
DhyanTD,1
DeepOde,1
DairoCantillo,1
DKMDebugin,1
CosmicSage,1
BookOfGreg,1
AlanSwenson,1
0xflotus,1
