felixxm,37
hramezani,13
cjerdonek,12
jacobtylerwalls,9
tim-mccurrach,5
pope1ni,5
charettes,5
adamchainz,5
smithdc1,4
jonathan-golorry,4
carltongibson,4
starryrbs,3
hannseman,3
tkoschnick,2
timgraham,2
rsp2k,2
kshitijraghav,2
imkaka,2
gabbyprecious,2
claudep,2
boxed,2
berycz,2
baidoosik,2
abbasidaniyal,2
Uday-kiran007,2
MarkusH,2
Garvit-01,2
DanielSwain,2
vpoulailleau,1
trybik,1
tiagohonorato,1
thomas545,1
theSinner,1
skulden13,1
shinoyasan,1
rohithpr,1
raysultan,1
ramonsaraiva,1
orf,1
nE0sIghT,1
myl7,1
mstoncel,1
mkjpryor-stfc,1
mimi89999,1
matthiask,1
marcgibbons,1
manav014,1
kschingiz,1
kobus-v-schoor,1
knaperek,1
juwaini,1
jonnythebard,1
johanneswilm,1
jerinpetergeorge,1
jackaitken,1
illia-v,1
huakkai,1
hakib,1
gasparb16,1
fmalina,1
fdemmer,1
egism,1
diego-lima,1
darynaishchenko,1
codingjoe,1
chrisspen,1
camilonova,1
bsolomon1124,1
bmispelon,1
apollo13,1
angusholder,1
alexsdutton,1
alexdeathway,1
agarwalutkarsh554,1
Uttam-Singhh,1
NiyazNz,1
Men770,1
MajidHeydari,1
KommuSoft,1
Jeet-programmer,1
GitHubDragonFly,1
FireFighterer,1
CorneelHollebrandse,1
Bookinlog,1
Amansingh1202,1
Alimov-8,1
AlexVerschoot,1
Adrian-at-CrimsonAuzre,1
AdamDonna,1
