algobytewise,20
fpringle,11
ayushbisht2001,9
dhruvmanila,7
chiragarora01,7
abdoulayegk,7
DZ521111,7
shellhub,5
noviicee,5
cclauss,5
MatthewG25,5
sudip777sharma,4
Leo-LiHao,4
sky3760000,3
siddharth-143,3
sharmapulkit04,3
shan7030,3
hammad1015,3
agarwalutkarsh554,3
SiddhantJain15,3
OCM-7898,3
NamalSanjaya,3
Cosmicoppai,3
AnubhavSolanki,3
poyea,2
nikhilkharade,2
meysam81,2
maldz3,2
lzhbhlrPython,2
alexmagwe,2
Viridescence,2
The-Kid-Gid,2
Slayking1965,2
RayZGit,2
ParthoKR,2
MiClaire,2
Epic-R-R,2
Deus-Absconditus,2
CodeHermyt,2
Bimalrb213,2
yeming0923,1
yash0307jain,1
xcodz-dot,1
wuyudi,1
withshubh,1
vbrazo,1
utsav-mainali,1
ulwlu,1
sukyung99,1
stathism27,1
shashwat0309,1
senator1359,1
sandeepyadav10011995,1
ruppysuppy,1
rexillion,1
raman77768,1
rajlalmatar,1
kangalkangaroo,1
jindal2309,1
jayhawker6,1
ghost,1
erdum,1
dominic-dc,1
chidi-godwin,1
barklan,1
arif599,1
ans-sharma,1
amartya10,1
a-leena,1
SteveKimSR,1
SergBobrovsky,1
RonDingDing,1
RagingGoat182,1
Leyza,1
Ksengine,1
Joe-Sin7h,1
EmadDeve20,1
Cosine42,1
CarsonHam,1
