kmindspark,24
tombstone,15
luotigerlsx,14
andrefaraujo,12
syiming,10
xinliupitt,7
dan-anghel,7
plakal,6
moneypi,4
jaeyounkim,4
thunderfyc,3
sverzakov,3
srihari-humbarwadi,3
saberkun,3
ruslo,3
rthadur,3
pribalta,3
kyleziegler,3
hylee817,3
freezestudio,3
Vishal-V,3
SamuelMarks,3
yongzhe2160,2
ykate1998,2
xavigibert,2
vighneshbirodkar,2
prabhukaliamoorthi,2
milnar,2
mhbuehler,2
johnpjust,2
gagika,2
anivegesana,2
The-Indian-Chinna,2
NivekNey,2
MarkDaoust,2
KimSSung,2
vishnubanna,1
vasilevskykv,1
ucalyptus,1
twilightdema,1
supersteph,1
sshahrokhi,1
sleepiihead908,1
sganeshb,1
revan,1
pyoung2778,1
norihiro-ito,1
mle-els,1
mgalgs,1
kyscg,1
kuldeepbrd1,1
kaczmarj,1
jyshin0926,1
ibaiGorordo,1
huntr-helper,1
ghost,1
gaushikmr,1
epark-miovision,1
dynamicwebpaige,1
darien-schettler,1
bhack,1
arashwan,1
aman2930,1
allenwang28,1
ahaliu1,1
abcdabcd987,1
YknZhu,1
ChAnYaNG97,1
BasiaFusinska,1
