tegon,13
feliperenan,6
mracos,3
iorme1,3
ghiculescu,3
colinross,3
carlosantoniodasilva,3
sandboxws,2
rlue,2
pestovpvl,2
one-more-alex,2
olbrich,2
gssbzn,2
grantzau,2
ghost,2
JanBussieck,2
JDonadio,2
HarlemSquirrel,2
Fudoshiki,2
zubietaroberto,1
yusukemorita,1
yhirano55,1
yeongwave,1
woto,1
withshubh,1
wangguoqin1001,1
waiting-for-dev,1
unleashy,1
tunnes,1
ttilberg,1
tricknotes,1
toommz,1
timkrins,1
terryyin,1
tagCincy,1
taf2,1
tabakazu,1
storrence88,1
stanhu,1
sokimura,1
softwaregravy,1
sml2008,1
shrirambalakrishnan,1
shobhitic,1
sergey-alekseev,1
segiddins,1
schovi,1
scbafk,1
santib,1
samuelpordeus,1
samslow,1
saiqulhaq,1
rafaelsales,1
rafaelfranca,1
r4do,1
ptcodes,1
ptarjan,1
prp-e,1
prithvi16,1
pmichaeljones,1
pickerflicker,1
philnash,1
p8,1
oystersauce8,1
ouranos,1
olleolleolle,1
okuramasafumi,1
murb,1
mune0903,1
muhammadn,1
mckramer,1
matthewrudy,1
matheusbn,1
lukerollans,1
lucfranken,1
lslm,1
lookageek,1
leoli-industrie,1
lancecarlson,1
krtschmr,1
kopylovvlad,1
koic,1
koenpunt,1
kobaltz,1
kennyadsl,1
kanmaniselvan,1
jtapia,1
jscissr,1
joaumg,1
jkowens,1
jeremywadsack,1
janz93,1
jacobat,1
ihatov08,1
igorkasyanchuk,1
igor-drozdov,1
ievax,1
hyuraku,1
hundredwatt,1
huacnlee,1
hslee16,1
hiphapis,1
hanachin,1
halida,1
gurgelrenan,1
guillaumecabanel,1
greysteil,1
gogainda,1
gmcnaughton,1
germs12,1
gencer,1
gdurelle,1
fwolfst,1
fursich,1
fredngo,1
fladson,1
ferrl,1
fakenine,1
ewertoncodes,1
emersonthis,1
emcoding,1
eishisaito,1
efojs,1
edenthecat,1
edbo,1
dpep,1
delner,1
deivid-rodriguez,1
debbbbie,1
davidauza-engineer,1
davelooi,1
dalexj,1
connorshea,1
chrisb,1
chiastolite,1
brunoocasali,1
bipashant,1
bibinvenugopal,1
benkoshy,1
b0nn1e,1
aubinlrx,1
amclelland,1
akavinash1994,1
ajsharp,1
afn,1
adi-pen,1
abhishekkanojia,1
abhijeetps,1
aamarill,1
VitaliiLazebnyi,1
Vasfed,1
TonyMK9068,1
Notalifeform,1
JasonBarnabe,1
JackMc,1
JPatsushi,1
HLFH,1
Gokul595,1
Atul9,1
AsbahIshaq,1
Aman2804,1
