adfoster-r7,29
dwelch-r7,26
zeroSteiner,20
bcoles,20
timwr,11
jmartin-r7,8
h00die,6
gwillcox-r7,6
wvu-r7,5
geyslan,4
pedrib,3
friedrico,3
cgranleese-r7,3
yogeshwarram,2
wesinator,2
space-r7,2
pingport80,2
mekhalleh,2
loneicewolf,2
cdelafuente-r7,2
arno01,2
Natto97,2
MucahitSaratar,2
CSharperMantle,2
zomfg-zombie,1
zerosum0x0,1
thesunRider,1
stufus,1
shawnsky,1
security-curious,1
s1e2b3i4,1
red0xff,1
nkitan,1
nikhil-su,1
mkienow-r7,1
kalba-security,1
k0pak4,1
jaleshkumar4,1
hastalamuerte,1
fardeen-ahmed,1
erberkan,1
egypt,1
digininja,1
clglavan,1
capme,1
bwatters-r7,1
btnz-k,1
axxop,1
astutejoe,1
archcloudlabs,1
agalway-r7,1
acammack-r7,1
XenoAmess,1
JulienBedel,1
FireFart,1
Chiggins,1
Ahmedy7,1
7Ragnarok7,1
